n_blocks,algoritma,toplam_odul,kapasite_doluluk_yuzdesi,secilen_islem_sayisi,geride_kalan_islem_sayisi,ortalama_odul_per_tx,ortalama_agirlik_per_tx,kullanilan_kapasite,toplam_kapasite,havuzdaki_islem_sayisi
5,Rastgele,4301097785217402368,100,420,445,10240709012422386,357109,149985628,150000000,865
5,Açgözlü (Greedy),5948237079242673152,100,251,614,23698155694193916,597602,149998068,150000000,865
5,Genetik Algoritma (YZ),5306751475760444416,99,426,439,12457163088639540,348706,148548820,150000000,865
5,Benzetilmiş Tavlama (YZ),4312303869095368192,100,403,462,10700505878648556,372166,149982881,150000000,865
6,Rastgele,5198241744831465472,100,438,638,11868131837514762,410940,179991863,180000000,1076
6,Açgözlü (Greedy),7144876735563916288,100,306,770,23349270377659860,588171,179980461,180000000,1076
6,Genetik Algoritma (YZ),6520186766665097216,100,523,553,12466896303374946,344159,179995304,180000000,1076
6,Benzetilmiş Tavlama (YZ),5217974508980460544,100,484,592,10780939068141448,371880,179989974,180000000,1076
7,Rastgele,5515960137982417920,100,601,697,9177970279504856,349401,209990149,210000000,1298
7,Açgözlü (Greedy),8277799022284675072,100,353,945,23449855587208712,594869,209988759,210000000,1298
7,Genetik Algoritma (YZ),7392923133233808384,100,640,658,11551442395677826,328104,209986371,210000000,1298
7,Benzetilmiş Tavlama (YZ),6036901439218198528,100,569,729,10609668610225304,369032,209979410,210000000,1298
8,Rastgele,6853620253055185920,100,688,760,9961657344556956,348821,239988828,240000000,1448
8,Açgözlü (Greedy),9414539394194743296,100,368,1080,25582987484224844,652153,239992295,240000000,1448
8,Genetik Algoritma (YZ),8591393197780153344,99,710,738,12100553799690356,336311,238780769,240000000,1448
8,Benzetilmiş Tavlama (YZ),6852474733224038400,100,683,765,10032905905159646,351363,239980998,240000000,1448
9,Rastgele,7936646537325004800,100,680,933,11671539025477948,397036,269984378,270000000,1613
9,Açgözlü (Greedy),12072410112312254464,100,421,1192,28675558461549300,641290,269982930,270000000,1613
9,Genetik Algoritma (YZ),9977072080302510080,100,794,819,12565581965116512,339551,269603159,270000000,1613
9,Benzetilmiş Tavlama (YZ),8208356104720434176,100,690,923,11896168267710774,391278,269981667,270000000,1613
10,Rastgele,9455558372099469312,100,917,852,10311404985931808,327136,299983351,300000000,1769
10,Açgözlü (Greedy),12919569038521767936,100,536,1233,24103673579331656,559696,299997065,300000000,1769
10,Genetik Algoritma (YZ),11092161931432677376,100,878,891,12633441835344736,341576,299903740,300000000,1769
10,Benzetilmiş Tavlama (YZ),8811360516684742656,100,749,1020,11764166243904864,400516,299986623,300000000,1769
11,Rastgele,9900054323226808320,100,875,1059,11314347797973494,377126,329985411,330000000,1934
11,Açgözlü (Greedy),13751996258093754368,100,671,1263,20494778328008576,491779,329983396,330000000,1934
11,Genetik Algoritma (YZ),12083205092336201728,100,953,981,12679123916407348,346184,329913599,330000000,1934
11,Benzetilmiş Tavlama (YZ),10560018410292512768,100,873,1061,12096241019808148,377993,329987867,330000000,1934
12,Rastgele,10394615436217610240,100,949,1125,10953230175150274,379335,359988703,360000000,2074
12,Açgözlü (Greedy),14594331927093901312,100,824,1250,17711567872686774,436881,359990314,360000000,2074
12,Genetik Algoritma (YZ),12612480807725817856,100,1024,1050,12316875788794744,350382,358791383,360000000,2074
12,Benzetilmiş Tavlama (YZ),11211771840162338816,100,904,1170,12402402478055684,398221,359992086,360000000,2074
13,Rastgele,11954619829486452736,100,1185,978,10088286775937934,329111,389996222,390000000,2163
13,Açgözlü (Greedy),15257476604454215680,100,992,1171,15380520770619170,393143,389998286,390000000,2163
13,Genetik Algoritma (YZ),13543118224472969216,100,1109,1054,12212009219542804,351666,389997051,390000000,2163
13,Benzetilmiş Tavlama (YZ),11801483346397325312,100,1269,894,9299829272180714,307321,389990398,390000000,2163
14,Rastgele,13269009126206072832,100,1244,1130,10666406050004882,337619,419997709,420000000,2374
14,Açgözlü (Greedy),16075808107151122432,100,979,1395,16420641580338224,429009,419999421,420000000,2374
14,Genetik Algoritma (YZ),14411362708686460928,100,1219,1155,11822282779890452,344265,419658449,420000000,2374
14,Benzetilmiş Tavlama (YZ),12279516091028985856,100,1353,1021,9075769468609746,310417,419994396,420000000,2374
15,Rastgele,13267745646980929536,100,1305,1224,10166854901901096,344815,449983396,450000000,2529
15,Açgözlü (Greedy),16786563429207414784,100,1167,1362,14384373118429662,385596,449990609,450000000,2529
15,Genetik Algoritma (YZ),15129668848367230976,100,1314,1215,11514207647159232,342325,449815416,450000000,2529
15,Benzetilmiş Tavlama (YZ),12953089922469795840,100,1396,1133,9278717709505584,322336,449980880,450000000,2529
16,Rastgele,13928809184548102144,100,1550,1076,8986328506160066,309666,479982078,480000000,2626
16,Açgözlü (Greedy),17484358414825070592,100,1287,1339,13585360073679152,372945,479979747,480000000,2626
16,Genetik Algoritma (YZ),15909741631320684544,100,1361,1265,11689744034769056,352645,479949222,480000000,2626
16,Benzetilmiş Tavlama (YZ),14240406713718532096,100,1561,1065,9122618010069528,307494,479998012,480000000,2626
17,Rastgele,14994596137485051904,100,1638,1128,9154210096144720,311343,509979142,510000000,2766
17,Açgözlü (Greedy),18268647344529911808,100,1429,1337,12784217875808196,356892,509998274,510000000,2766
17,Genetik Algoritma (YZ),16489694365349443584,100,1425,1341,11571715344104872,357783,509841129,510000000,2766
17,Benzetilmiş Tavlama (YZ),15008737429906421760,100,1618,1148,9276104715640556,315198,509990307,510000000,2766
18,Rastgele,15926139033530580992,100,1754,1140,9079896826414242,307858,539983589,540000000,2894
18,Açgözlü (Greedy),19011254670497857536,100,1578,1316,12047689905258464,342200,539991163,540000000,2894
18,Genetik Algoritma (YZ),17053713049694316544,100,1455,1439,11720764982607778,370977,539771503,540000000,2894
18,Benzetilmiş Tavlama (YZ),15409681933404706816,100,1653,1241,9322251623354330,326674,539992886,540000000,2894
19,Rastgele,17031626976563808256,100,1906,1220,8935795895364013,299048,569986406,570000000,3126
19,Açgözlü (Greedy),20032188354721488896,100,1697,1429,11804471629181786,335880,569987783,570000000,3126
19,Genetik Algoritma (YZ),18396087857972983808,100,1609,1517,11433242919809188,354236,569965593,570000000,3126
19,Benzetilmiş Tavlama (YZ),16425894903983927296,100,1804,1322,9105263250545414,315963,569996424,570000000,3126
20,Rastgele,17304929804523886592,100,2150,1109,8048804560243668,279063,599986392,600000000,3259
20,Açgözlü (Greedy),20750782926790311936,100,1769,1490,11730233423849810,339167,599986488,600000000,3259
20,Genetik Algoritma (YZ),18776747858585976832,100,1693,1566,11090813856223258,354107,599503142,600000000,3259
20,Benzetilmiş Tavlama (YZ),17928347554047655936,100,2064,1195,8686214900216888,290694,599991409,600000000,3259
